<?xml version="1.0" encoding="UTF-8"?>
<project name="run-bridge" default="run-bridge" basedir=".">
    <!-- set the runtime classpath -->
    <dirname property="run.dir" file="${ant.file.run-bridge}"/>
    <path id="run.classpath">
        <fileset dir="${run.dir}" includes="*.jar"/>
    </path>
  
    <property file="my.run.properties"/>
    <property file="run.properties"/>

    <target name="run-bridge" depends="shutdown-bridge"
            description="Run Conference Bridge">
        <java classname="com.sun.voip.server.Bridge" failonerror="true" fork="true">
            <jvmarg value="-server"/>
            <jvmarg value="-Dgov.nist.jainsip.stack.disableAuthentication=true"/>
            <jvmarg value="-Dgov.nist.jainsip.stack.traceLevel=8"/>
            <jvmarg value="-Dgov.nist.javax.sip.SERVER_LOG=sipMessages.log"/>
            <jvmarg value="-Dgov.nist.javax.sip.DEBUG_LOG=nistStack.log"/>
            <jvmarg value="-Dgov.nist.jainsip.stack.enableUDP=${voicebridge.sip.port}"/>
            <jvmarg value="-Dcom.sun.voip.server.BRIDGE_LOG=bridge.log"/>
            <jvmarg value="-Dcom.sun.voip.server.BRIDGE_LOCATION=BUR"/>
            <jvmarg value="-Dcom.sun.voip.server.LOCALHOST_SECURITY=${voicebridge.localhost.security}"/>
            <jvmarg value="-Dcom.sun.voip.server.Bridge.soundPath=${voicebridge.sound.path}"/>
            <jvmarg value="-Dcom.sun.voip.server.Bridge.soundCachePath=${voicebridge.sound.cache.path}"/>
            <jvmarg value="-Dcom.sun.voip.server.BRIDGE_CONTROL_PORT=${voicebridge.control.port}"/>
            <jvmarg value="-Dcom.sun.voip.server.PUBLIC_IP_ADDRESS=${voicebridge.server.public.address}"/>
            <jvmarg value="-Dcom.sun.voip.server.BRIDGE_PUBLIC_CONTROL_PORT=${voicebridge.server.public.control.port}"/>
            <jvmarg value="-Dcom.sun.voip.server.PUBLIC_SIP_PORT=${voicebridge.server.public.sip.port}"/>
            <jvmarg value="-Dcom.sun.voip.server.FIRST_RTP_PORT=${voicebridge.first.rtp.port}"/>
            <jvmarg value="-Dcom.sun.voip.server.LAST_RTP_PORT=${voicebridge.last.rtp.port}"/>
            <jvmarg value="-Djavax.sip.IP_ADDRESS=${voicebridge.local.hostAddress}"/>
            <jvmarg value="-Dcom.sun.voip.server.BRIDGE_STATUS_LISTENERS=${voicebridge.status.listeners}"/>
            <jvmarg value="-Dcom.sun.voip.server.VoIPGateways=${voicebridge.sip.gateways}"/>
            <jvmarg value="-Dcom.sun.voip.server.SIPProxy=${voicebridge.sip.proxy}"/>
            <jvmarg value="-Dcom.sun.voip.server.LOCALHOST_SECURITY=${voicebridge.localhost.security}"/>
            <jvmarg value="-Dcom.sun.voip.server.OUTSIDE_LINE_PREFIX=${voicebridge.outside.line.prefix}"/>
            <jvmarg value="-Dcom.sun.voip.server.LONG_DISTANCE_PREFIX=${voicebridge.long.distance.prefix}"/>
            <jvmarg value="-Dcom.sun.voip.server.INTERNATIONAL_PREFIX=${voicebridge.international.prefix}"/>
            <jvmarg value="-Dcom.sun.voip.server.LONE_RECEIVER_PORT=${voicebridge.lone.receiver.port}"/>
            <jvmarg value="-Dcom.sun.voip.server.NETWORK_AUDIO_BUFFER_SIZE=${voicebridge.network.audio.buffer.size}"/>
            <jvmarg value="-Dcom.sun.voip.server.WEBSERVER_URL=${voicebridge.webserver.url}"/>
            <jvmarg value="-ms300m"/>
            <jvmarg value="-mx300m"/>
            <jvmarg value="-XX:NewSize=5m"/>
            <jvmarg value="-XX:MaxNewSize=5m"/>
            <jvmarg value="-XX:+UseParNewGC"/>
            <jvmarg value="-XX:+UseConcMarkSweepGC"/>
            <jvmarg value="-XX:+PrintClassHistogram"/>
            <jvmarg value="-XX:+PrintGCDetails"/>
            <jvmarg value="-XX:+PrintGCTimeStamps"/>
            <jvmarg value="-XX:+TraceGen0Time"/>
            <jvmarg value="-XX:+TraceGen1Time"/>
        
            <arg value="noprogram"/>
            <classpath refid="run.classpath"/>
        </java>
    </target>
    
    <target name="register" description="Register with gateway">
        <java classname="com.sun.voip.server.SipServer" failonerror="true" fork="true">
            <jvmarg value="-server"/>
            <jvmarg value="-Dgov.nist.jainsip.stack.disableAuthentication=true"/>
	    <jvmarg value="-Dgov.nist.jainsip.stack.traceLevel=8"/>
	    <jvmarg value="-Dgov.nist.javax.sip.SERVER_LOG=sipMessages.log"/>
	    <jvmarg value="-Dgov.nist.javax.sip.DEBUG_LOG=nistStack.log"/>
            <jvmarg value="-Dgov.nist.jainsip.stack.enableUDP=${voicebridge.sip.port}"/>
            <jvmarg value="-Djavax.sip.IP_ADDRESS=${voicebridge.local.hostAddress}"/>
            <jvmarg value="-Dcom.sun.voip.server.VoIPGateways=129.148.75.22,10.1.224.22,10.6.4.192"/>
            <jvmarg value="-ms200m"/>
            <jvmarg value="-mx200m"/>
	    <jvmarg value="-XX:NewSize=5m"/>
            <jvmarg value="-XX:MaxNewSize=4m"/> 
            <jvmarg value="-XX:+UseParNewGC"/> 
            <jvmarg value="-XX:+UseConcMarkSweepGC"/>
            <jvmarg value="-XX:+PrintClassHistogram"/> 
	    <jvmarg value="-XX:+PrintGCDetails"/>
            <jvmarg value="-XX:+PrintGCTimeStamps"/>
            <jvmarg value="-XX:+TraceGen0Time"/>
            <jvmarg value="-XX:+TraceGen1Time"/>
        
            <arg value="noprogram"/>
            <classpath refid="run.classpath"/>
        </java>
    </target>
    <!-- shut down an existing bridge -->
    <target name="shutdown-bridge" description="Shutdown Conference Bridge">
        <java classname="com.sun.voip.server.ShutdownBridge" failonerror="true" fork="true">
            <arg value="${voicebridge.local.hostAddress}"/>
            <classpath refid="run.classpath"/>
        </java>
    </target>
    
</project>
